{
  "project_info": {
    "project_number": "59544139155",
    "project_id": "sendswap-1e738",
    "storage_bucket": "sendswap-1e738.appspot.com"
  },
  "client": [
    {
      "client_info": {
        "mobilesdk_app_id": "1:59544139155:android:6b45e7c8598e5b730fa466",
        "android_client_info": {
          "package_name": "com.yudo.sendswap"
        }
      },
      "oauth_client": [
        {
          "client_id": "59544139155-el4spurg0qebgji4kbk76ekk229kf904.apps.googleusercontent.com",
          "client_type": 1,
          "android_info": {
            "package_name": "com.yudo.sendswap",
            "certificate_hash": "76e646e92f8f9f68ff36cde288d5a3545fa38ae8"
          }
        },
        {
          "client_id": "59544139155-6rdge31e4ch4fas0i6i60je817lej5p5.apps.googleusercontent.com",
          "client_type": 3
        }
      ],
      "api_key": [
        {
          "current_key": "AIzaSyC8AyblGz0sbh4XcurFa3vTRWUJ9xXYvBo"
        }
      ],
      "services": {
        "appinvite_service": {
          "other_platform_oauth_client": [
            {
              "client_id": "59544139155-6rdge31e4ch4fas0i6i60je817lej5p5.apps.googleusercontent.com",
              "client_type": 3
            }
          ]
        }
      }
    }
  ],
  "configuration_version": "1"
}